companyUrl,companyName,companyRealName,companyHireNumber,CVprocessingRate,CVprocessingDay,commentNumebr,lastLoginDate,companyScale,companyLocation,companyIntroduce,companyDeveloping
https://www.lagou.com/gongsi/117516168.html,橙橙,上海橙晟网络科技有限公司,,暂无,暂无,暂无,今天,,,目前研发的游戏产品是阿拉德之怒dnf手游,
https://www.lagou.com/gongsi/451.html,腾讯,腾讯科技（深圳）有限公司,,100%,1天,130个,今天,,,腾讯公司成立于1998年11月，是目前中国最大的互联网综合服务提供商之一，也是中国服务用户最多的互联网企业之一。成立十年多以来，腾讯一直秉承“一切以用户价值为依归”的经营理念，始终处于稳健发展的状态。,
https://www.lagou.com/gongsi/589.html,多益网络,广州多益网络股份有限公司,,1%,1天,53个,今天,,,02020202多益网络成立于2006年，是中国优秀互联网企业，连续六年上榜由国家工信部发布的中国互联网企业百强榜，2017年位列该榜第25位。先后被国家科技部、国家发改委和工信部认定为高新技术企业和重点软件企业，为广州市认定的总部企业。2015年，公司净利润已突破10亿元，旗下业务涵盖网络游戏、电子邮箱、即时通讯等互联网产品。,
https://www.lagou.com/gongsi/1880.html,快手,北京达佳互联信息技术有限公司,,36%,1天,23个,今天,,,,
https://www.lagou.com/gongsi/1880.html,快手,北京达佳互联信息技术有限公司,,36%,1天,23个,今天,,,,
https://www.lagou.com/gongsi/62.html,字节跳动,北京字节跳动科技有限公司,,56%,1天,189个,今天,,,字节跳动成立于2012年3月，是最早把人工智能技术大规模应用于信息分发的公司之一。“字节跳动”的含义：字节，作为计算机数据的基本储存单位，代表各种各样的信息。跳动，描述信息有韵律感的流动。字节跳动，意味着通过我们的努力，在全世界范围促进信息的创造和流动，正如公司的愿景：全球创作与交流平台。,
https://www.lagou.com/gongsi/1880.html,快手,北京达佳互联信息技术有限公司,,36%,1天,23个,今天,,,,
https://www.lagou.com/gongsi/7461.html,有赞,杭州有赞科技有限公司,,19%,1天,51个,今天,,,【业务和产品】,
https://www.lagou.com/gongsi/24748.html,平安科技,平安科技（深圳）有限公司,,100%,1天,3个,今天,,,平安科技是平安集团的全资子公司，致力于运用人工智能、智能认知、云计算、区块链等前沿科技，为人们打造全新云生活。对内，平安科技是平安集团的高科技内核和科技企业孵化器，负责开发并运营集团的关键平台和服务。对外，平安科技以智慧科技为手段、以智造未来为蓝图，聚焦于医疗、金融、智慧城市三大领域，将国际权威认证的技术能力应用到实际业务场景中，打造生态闭环，积极践行科技改变生活的企业理念。,
https://www.lagou.com/gongsi/24748.html,平安科技,平安科技（深圳）有限公司,,100%,1天,3个,今天,,,平安科技是平安集团的全资子公司，致力于运用人工智能、智能认知、云计算、区块链等前沿科技，为人们打造全新云生活。对内，平安科技是平安集团的高科技内核和科技企业孵化器，负责开发并运营集团的关键平台和服务。对外，平安科技以智慧科技为手段、以智造未来为蓝图，聚焦于医疗、金融、智慧城市三大领域，将国际权威认证的技术能力应用到实际业务场景中，打造生态闭环，积极践行科技改变生活的企业理念。,
https://www.lagou.com/gongsi/25439.html,Udesk－企业级智能客服平台,北京沃丰时代数据科技有限公司,,79%,1天,370个,昨天,,,02020202Udesk创立于2014年7月，是国内领先的智能客户体验解决方案提供商、智能客服领域的独角兽、SaaS领域的明星企业。02,
https://www.lagou.com/gongsi/25592.html,新浪网,新浪网技术（中国）有限公司,,25%,1天,209个,昨天,,,新浪公司是一家服务于中国及全球华人社群的领先网络媒体公司。新浪通过门户网站新浪网（SINA.com）、新浪移动（移动门户及移动应用）和社交媒体微博（Weibo.com）组成的数字媒体网络，帮助广大用户通过电脑和移动设备获得专业媒体和用户自生成的多媒体内容并与友人进行兴趣分享。,
https://www.lagou.com/gongsi/31544.html,睿琪软件,杭州睿琪软件有限公司,,100%,2天,15个,今天,,,"02020202杭州睿琪软件有限公司（Glority）是一家专注于计算机视觉的软件公司。开发的智能识花应用“形色”拥有上千万用户，14次被苹果AppStore封面或主题推荐。18年将在世界计算机顶级大会CVPR上与谷歌和康奈尔大学共同主持相关WorkShop。主导多款知名图像和视频编辑软件的研发，如：会声会影，Pinnacle,CorelDraw等。团队拥有150余名毕业于卡耐基梅隆大学、清华大学、浙江大学、电子科技大学等学校的工程师。致力于用人工智能技术赋能医疗、制造、农业等行业。",
https://www.lagou.com/gongsi/41444.html,米雅,杭州米雅信息科技有限公司,,8%,1天,11个,昨天,,,米雅科技以购物者数据营销为核心，为零售商、品牌商提供一站式智能化的软件产品服务（SAAS）和数据服务产品（DAAS），接入聚合支付、会员、到店等各种互联网运营场景，率先实现了从线上投放到线下核销的完整闭环，帮助客户提升市场核心竞争力。通过营销资源和零售场景的高效融合，与购物者建立永续连接和互动，实现全购物旅程的幸福消费。,
https://www.lagou.com/gongsi/50702.html,美团点评,北京三快在线科技有限公司,,18%,1天,455个,今天,,,美团的使命是“帮大家吃得更好，生活更好”。作为中国领先的生活服务电子商务平台，公司拥有美团、大众点评、美团外卖、摩拜单车等消费者熟知的App，服务涵盖餐饮、外卖、打车、共享单车、酒店旅游、电影、休闲娱乐等200多个品类，业务覆盖全国2800个县区市。2018年全年，美团的总交易金额达5156.4亿元，同比增长44.3%，年度交易用户总数达4.0亿，平台活跃商家总数达580万。,
https://www.lagou.com/gongsi/50702.html,美团点评,北京三快在线科技有限公司,,18%,1天,455个,今天,,,美团的使命是“帮大家吃得更好，生活更好”。作为中国领先的生活服务电子商务平台，公司拥有美团、大众点评、美团外卖、摩拜单车等消费者熟知的App，服务涵盖餐饮、外卖、打车、共享单车、酒店旅游、电影、休闲娱乐等200多个品类，业务覆盖全国2800个县区市。2018年全年，美团的总交易金额达5156.4亿元，同比增长44.3%，年度交易用户总数达4.0亿，平台活跃商家总数达580万。,
https://www.lagou.com/gongsi/24748.html,平安科技,平安科技（深圳）有限公司,,100%,1天,3个,今天,,,平安科技是平安集团的全资子公司，致力于运用人工智能、智能认知、云计算、区块链等前沿科技，为人们打造全新云生活。对内，平安科技是平安集团的高科技内核和科技企业孵化器，负责开发并运营集团的关键平台和服务。对外，平安科技以智慧科技为手段、以智造未来为蓝图，聚焦于医疗、金融、智慧城市三大领域，将国际权威认证的技术能力应用到实际业务场景中，打造生态闭环，积极践行科技改变生活的企业理念。,
https://www.lagou.com/gongsi/20583.html,新文溯科技,广州市新文溯科技有限公司,,100%,1天,暂无,昨天,,,02020202广州市新文溯科技有限公司，成立于2001年，是专注于企业内容管理与智能数据应用的软件解决方案供应商，拥有涵盖产品、服务、解决方案三个层面的整体服务能力，具备业界领先的非结构化数据获取技术、影像文档处理技术、深度学习技术、传真服务器通信等技术，为大型机构企业提供专业优质的解决方案。,
https://www.lagou.com/gongsi/55446.html,贝壳,贝壳找房（北京）科技有限公司,,91%,1天,41个,今天,,,贝壳找房――以技术驱动的品质居住服务平台,
https://www.lagou.com/gongsi/1880.html,快手,北京达佳互联信息技术有限公司,,36%,1天,23个,今天,,,,
https://www.lagou.com/gongsi/1880.html,快手,北京达佳互联信息技术有限公司,,36%,1天,23个,今天,,,,
https://www.lagou.com/gongsi/64658.html,热云数据,北京热云科技有限公司,,100%,2天,29个,今天,,,热云数据成立于2013年11月，是一家专注于移动端数据监测和分析的第三方平台。公司总部位于北京，并于上海、广州、厦门、杭州、成都等地设立分公司和办事处。旗下产品覆盖移动广告效果监测、用户行为分析、广告素材洞察、广告防作弊等领域，为行业客户提供流畅、安全、高效、便捷的数据分析及决策服务，让数据创造出更高的价值。,
https://www.lagou.com/gongsi/34315.html,涂鸦智能,杭州涂鸦信息技术有限公司,,100%,1天,61个,昨天,,,【关于我们】,
https://www.lagou.com/gongsi/50702.html,美团点评,北京三快在线科技有限公司,,18%,1天,455个,今天,,,美团的使命是“帮大家吃得更好，生活更好”。作为中国领先的生活服务电子商务平台，公司拥有美团、大众点评、美团外卖、摩拜单车等消费者熟知的App，服务涵盖餐饮、外卖、打车、共享单车、酒店旅游、电影、休闲娱乐等200多个品类，业务覆盖全国2800个县区市。2018年全年，美团的总交易金额达5156.4亿元，同比增长44.3%，年度交易用户总数达4.0亿，平台活跃商家总数达580万。,
https://www.lagou.com/gongsi/108884.html,盈嘉互联,盈嘉互联（北京）科技有限公司,,100%,1天,117个,昨天,,,盈嘉互联于2015年在中国北京创立，是集产业互联网、产业大数据的创新型科技公司，以自主创新的技术，服务于我国规模最大、数据量最多的泛建筑行业，旨在让互联网、大数据、人工智能与泛建筑业深度融合。,
https://www.lagou.com/gongsi/140014.html,平安人寿,中国平安人寿保险股份有限公司,,5%,1天,26个,今天,,,中国平安人寿保险股份有限公司成立于2002年，是中国平安保险（集团）股份有限公司旗下的重要成员。从规模保费来衡量，是目前国内第二大寿险公司。,
https://www.lagou.com/gongsi/436.html,360,奇虎360科技有限公司,,26%,1天,119个,今天,,,360是中国领先的互联网和手机安全产品及服务供应商。据第三方统计，按用户数量计算，360是中国第二大互联网公司，最大的互联网安全公司。02,
https://www.lagou.com/gongsi/1902.html,下厨房,北京下厨房科技有限公司,,100%,1天,35个,昨天,,,2011年成立，90天突破100万下载量；,
https://www.lagou.com/gongsi/140014.html,平安人寿,中国平安人寿保险股份有限公司,,5%,1天,26个,今天,,,中国平安人寿保险股份有限公司成立于2002年，是中国平安保险（集团）股份有限公司旗下的重要成员。从规模保费来衡量，是目前国内第二大寿险公司。,
https://www.lagou.com/gongsi/140014.html,平安人寿,中国平安人寿保险股份有限公司,,5%,1天,26个,今天,,,中国平安人寿保险股份有限公司成立于2002年，是中国平安保险（集团）股份有限公司旗下的重要成员。从规模保费来衡量，是目前国内第二大寿险公司。,
https://www.lagou.com/gongsi/4112.html,韩创科技,上海韩创网络科技有限公司,,94%,1天,228个,昨天,,,韩创科技（www.hanmaker.com）成立于2007年4月，一直聚焦在互联网设计领域，崇尚学习与创新的新一代互联网公司，坚持以“阅读改变人生，知识成就梦想”的口号，同时也是国内真正实行“你的疯狂创业梦，韩创帮你来实现”的合伙人创业制度的公司。,
https://www.lagou.com/gongsi/6140.html,爱美购,深圳市爱美购科技有限公司,,64%,1天,37个,昨天,,,「工作在爱美购」,
https://www.lagou.com/gongsi/140014.html,平安人寿,中国平安人寿保险股份有限公司,,5%,1天,26个,今天,,,中国平安人寿保险股份有限公司成立于2002年，是中国平安保险（集团）股份有限公司旗下的重要成员。从规模保费来衡量，是目前国内第二大寿险公司。,
https://www.lagou.com/gongsi/62.html,字节跳动,北京字节跳动科技有限公司,,56%,1天,189个,今天,,,字节跳动成立于2012年3月，是最早把人工智能技术大规模应用于信息分发的公司之一。“字节跳动”的含义：字节，作为计算机数据的基本储存单位，代表各种各样的信息。跳动，描述信息有韵律感的流动。字节跳动，意味着通过我们的努力，在全世界范围促进信息的创造和流动，正如公司的愿景：全球创作与交流平台。,
https://www.lagou.com/gongsi/329.html,网易,网易（杭州）网络有限公司,,38%,1天,146个,今天,,,"网易(NASDAQ:NTES)，1997年由丁磊先生在广州创办、2000年在美国NASDAQ股票交易所挂牌上市，是中国领先的互联网技术公司，在开发互联网应用、服务等方面始终保持中国业界领先地位。本着对中国互联网发展强烈的使命感，缔造美好生活的愿景，网易利用最先进的互联网技术，加强人与人之间信息的交流和共享，为海量用户提供优质的产品和服务，始终秉持着""以匠心、致创新""的理念，通过科技创新改变生活。",
https://www.lagou.com/gongsi/140014.html,平安人寿,中国平安人寿保险股份有限公司,,5%,1天,26个,今天,,,中国平安人寿保险股份有限公司成立于2002年，是中国平安保险（集团）股份有限公司旗下的重要成员。从规模保费来衡量，是目前国内第二大寿险公司。,
https://www.lagou.com/gongsi/62.html,字节跳动,北京字节跳动科技有限公司,,56%,1天,189个,今天,,,字节跳动成立于2012年3月，是最早把人工智能技术大规模应用于信息分发的公司之一。“字节跳动”的含义：字节，作为计算机数据的基本储存单位，代表各种各样的信息。跳动，描述信息有韵律感的流动。字节跳动，意味着通过我们的努力，在全世界范围促进信息的创造和流动，正如公司的愿景：全球创作与交流平台。,
https://www.lagou.com/gongsi/23039.html,好大夫在线,互动峰科技（北京）有限公司,,100%,1天,19个,昨天,,,每一次新的技术潮流，都会引发传统行业颠覆性的变革。,
https://www.lagou.com/gongsi/141699.html,开易科技,开易（北京）科技有限公司,,100%,1天,暂无,昨天,,,我们是谁？,
https://www.lagou.com/gongsi/23039.html,好大夫在线,互动峰科技（北京）有限公司,,100%,1天,19个,昨天,,,每一次新的技术潮流，都会引发传统行业颠覆性的变革。,
https://www.lagou.com/gongsi/137513.html,商旅科技,四川商旅无忧科技服务有限公司,,20%,2天,51个,昨天,,,四川商旅无忧科技服务有限公司（简称商旅无忧）于2016年5月正式在成都成立，是一家独立的差旅管理（TMC）公司。,
https://www.lagou.com/gongsi/142027.html,海深科技,海深智能科技（上海）有限公司,,100%,1天,2个,昨天,,,"我们是做人工智能产品的技术型公司，聚焦于新零售行业，核心产品为基于视觉的智能柜和无人店方案，已经在市场上取得领先地位，并得到了资本市场的认可。我们在图像商品识别的深度学习领域有世界前沿性的研究成果，为腾讯云，京东，小红书，搜狗，百联集团等著名企业提供技术服务。创始合伙人在硅谷有10年的研发经验，核心技术团队来自国内外知名学府：清华，上海交大，加州伯克利，卡耐基梅隆，佐治亚理工，宾夕法尼亚大学，并曾在Google,Yahoo!,02百度等互联网公司担任核心技术岗位。",
https://www.lagou.com/gongsi/142027.html,海深科技,海深智能科技（上海）有限公司,,100%,1天,2个,昨天,,,"我们是做人工智能产品的技术型公司，聚焦于新零售行业，核心产品为基于视觉的智能柜和无人店方案，已经在市场上取得领先地位，并得到了资本市场的认可。我们在图像商品识别的深度学习领域有世界前沿性的研究成果，为腾讯云，京东，小红书，搜狗，百联集团等著名企业提供技术服务。创始合伙人在硅谷有10年的研发经验，核心技术团队来自国内外知名学府：清华，上海交大，加州伯克利，卡耐基梅隆，佐治亚理工，宾夕法尼亚大学，并曾在Google,Yahoo!,02百度等互联网公司担任核心技术岗位。",
https://www.lagou.com/gongsi/150860.html,梅卡曼德,梅卡曼德（北京）机器人科技有限公司,,100%,3天,25个,昨天,,,020202梅卡曼德机器人，英文为Mech-Mind，意为机器之意识。我们不变的初心，是将机器人从只会重复动作的笨拙机器变成人人可用、随处可用的智能帮手。,
https://www.lagou.com/gongsi/153849.html,蚂蚁金服集团,支付宝（杭州）信息技术有限公司,,34%,1天,5个,今天,,,蚂蚁金融服务集团（以下称“蚂蚁金服”）起步于2004年成立的支付宝。2014年10月，蚂蚁金服正式成立。蚂蚁金服以“为世界带来微小而美好的改变”为愿景，致力于打造开放的生态系统，通过“互联网推进器计划”助力金融机构和合作伙伴加速迈向“互联网02”，为小微企业和个人消费者提供普惠金融服务。02,
https://www.lagou.com/gongsi/163790.html,探知数据,上海勃池信息技术有限公司,,100%,1天,32个,昨天,,,02020202,
https://www.lagou.com/gongsi/163790.html,探知数据,上海勃池信息技术有限公司,,100%,1天,32个,昨天,,,02020202,
https://www.lagou.com/gongsi/163852.html,浮云网络,杭州浮云网络科技有限公司,,100%,2天,23个,昨天,,,杭州浮云网络科技有限公司成立于2013年7月，坐落于“上有天堂，下有苏杭”的杭州西子湖畔，是一家大数据+人工智能的技术领军型企业，公司的业务涵盖休业务范围涵盖：游戏研发、出版、运营，电子竞技；大数据、人工智能技术研究；区块链产业研究等领域。,
https://www.lagou.com/gongsi/163852.html,浮云网络,杭州浮云网络科技有限公司,,100%,2天,23个,昨天,,,杭州浮云网络科技有限公司成立于2013年7月，坐落于“上有天堂，下有苏杭”的杭州西子湖畔，是一家大数据+人工智能的技术领军型企业，公司的业务涵盖休业务范围涵盖：游戏研发、出版、运营，电子竞技；大数据、人工智能技术研究；区块链产业研究等领域。,
https://www.lagou.com/gongsi/173012.html,魔点科技,杭州魔点科技有限公司,,98%,1天,11个,昨天,,,,
https://www.lagou.com/gongsi/179243.html,云集,浙江集享电子商务有限公司,,44%,1天,47个,昨天,,,02,
https://www.lagou.com/gongsi/185063.html,中科曙光、智慧城市,广西中科曙光云计算有限公司,,27%,1天,暂无,昨天,,,广西中科曙光云计算有限公司简介,
https://www.lagou.com/gongsi/202104.html,趣头条,上海基分文化传播有限公司,,46%,1天,38个,今天,,,趣头条是移动资讯领域的新锐平台，以娱乐、生活资讯为主体内容，凭借差异化定位，独特的运营机制以及基于深度学习的推荐算法，为用户提供兼具乐趣和价值的海量内容。,
https://www.lagou.com/gongsi/202104.html,趣头条,上海基分文化传播有限公司,,46%,1天,38个,今天,,,趣头条是移动资讯领域的新锐平台，以娱乐、生活资讯为主体内容，凭借差异化定位，独特的运营机制以及基于深度学习的推荐算法，为用户提供兼具乐趣和价值的海量内容。,
https://www.lagou.com/gongsi/260002.html,漫微科技,上海漫微信息技术有限公司,,23%,1天,11个,昨天,,,上海漫微信息技术有限公司，专注于做连锁城市服务业的平台产品，只为提供更好的体验。,
https://www.lagou.com/gongsi/260002.html,漫微科技,上海漫微信息技术有限公司,,23%,1天,11个,昨天,,,上海漫微信息技术有限公司，专注于做连锁城市服务业的平台产品，只为提供更好的体验。,
https://www.lagou.com/gongsi/274523.html,织点智能,广州织点智能科技有限公司,,79%,1天,12个,昨天,,,,
https://www.lagou.com/gongsi/291819.html,中地行,苏州市中地行信息技术有限公司,,3%,1天,暂无,昨天,,,02020202苏州市中地行信息技术有限公司（以下简称“中地行”）成立于2016年2月，总部位于苏州工业园区，以人工智能、云计算、区块链等前沿技术为基础，深耕不动产大数据领域，建立起核心的不动产全生命周期管理的智能服务生态，是国内一流领先的“互联网+不动产大数据”企业。,
https://www.lagou.com/gongsi/308960.html,爱库存,上海众旦信息科技有限公司,,46%,1天,5个,昨天,,,爱库存02是新电商基础设施提供者，由上海众旦信息科技有限公司于2017年9月创办。2019年博鳌亚洲论坛，作为新电商代表，参加与苹果、微软，百度圆桌分享；2019年10月获得联合国“年度全球企业社会责任奖”。02,
https://www.lagou.com/gongsi/327386.html,陀螺科技,深圳市陀螺传媒有限公司,,100%,2天,10个,昨天,,,陀螺科技，总部位于深圳，致力于成为数字经济时代独具竞争力的科技公司，旨在激发每个节点的力量，蓄力打造共识经济与价值载体的陀螺生态。,
https://www.lagou.com/gongsi/327386.html,陀螺科技,深圳市陀螺传媒有限公司,,100%,2天,10个,昨天,,,陀螺科技，总部位于深圳，致力于成为数字经济时代独具竞争力的科技公司，旨在激发每个节点的力量，蓄力打造共识经济与价值载体的陀螺生态。,
https://www.lagou.com/gongsi/356014.html,易宝软件科技（南京）有限公司,易宝软件科技（南京）有限公司,,18%,1天,3个,今天,,,上海易宝软件有限公司是由香港上市企业易宝系统（HKSE：8086）全资控股的专业从事软件和IT外包服务的企业，是一家全球领先的软件和IT外包供应商，专长于软件开发、信息技术和个性化、专业化服务。公司总部在上海，目前在南京、杭州、广州、深圳、郑州、重庆、西安设有分公司或办事处，公司发展迅速目前在职员近2000人。02,
https://www.lagou.com/gongsi/356111.html,鲸牙科技,深圳市鲸牙科技有限公司,,39%,1天,4个,昨天,,,深圳市鲸牙科技有限公司是一家区块链技术服务企业，旨在成为区块链行业的领军者，工作环境舒适、氛围年轻、有激情，同事nice!,
https://www.lagou.com/gongsi/394190.html,区块节点,北京区块节点科技有限公司,,100%,1天,23个,昨天,,,亿刻项目团队由北京东方国信科技股份有限公司背书，团队成员是均来自阿里、华为、搜狐等大型互联网公司的技术大牛。,
https://www.lagou.com/gongsi/407598.html,深声科技,广州深声科技有限公司,,68%,1天,暂无,昨天,,,,
https://www.lagou.com/gongsi/410579.html,建信金科,建信金融科技有限责任公司,,100%,1天,1个,昨天,,,建信金融科技有限责任公司是建行旗下从事金融科技行业的全资子公司，注册资本16亿元。于2018年4月18日在上海开业。总部设在上海浦东新区建行大厦。建信金融科技由建行体系内直属的7家开发中心和1家研发中心整体转制而来，初期规模3000人，是国有大型商业银行当中首家成立的金融科技公司。公司经营范围包括：金融信息科技、计算机科技、网络科技、机电科技、软件科技领域内的技术开发、技术咨询、技术服务、技术转让，软件开发，计算机数据处理服务，计算机系统集成，计算机软件开发及销售，机械设备、机电设备、电子产品的销售，电信业务，市场营销策划，企业形象策划，会展服务，企业管理咨询，商务信息咨询，创业投资，资产管理，投资管理，投资咨询等。,
https://www.lagou.com/gongsi/410579.html,建信金科,建信金融科技有限责任公司,,100%,1天,1个,昨天,,,建信金融科技有限责任公司是建行旗下从事金融科技行业的全资子公司，注册资本16亿元。于2018年4月18日在上海开业。总部设在上海浦东新区建行大厦。建信金融科技由建行体系内直属的7家开发中心和1家研发中心整体转制而来，初期规模3000人，是国有大型商业银行当中首家成立的金融科技公司。公司经营范围包括：金融信息科技、计算机科技、网络科技、机电科技、软件科技领域内的技术开发、技术咨询、技术服务、技术转让，软件开发，计算机数据处理服务，计算机系统集成，计算机软件开发及销售，机械设备、机电设备、电子产品的销售，电信业务，市场营销策划，企业形象策划，会展服务，企业管理咨询，商务信息咨询，创业投资，资产管理，投资管理，投资咨询等。,
https://www.lagou.com/gongsi/412649.html,红星美凯龙,红星美凯龙家居集团股份有限公司,,57%,1天,6个,昨天,,,红星美凯龙家居集团股份有限公司（以下简称“红星美凯龙”），截止2018年12月31日，红星美凯龙共经营359家家居商场。,
https://www.lagou.com/gongsi/416231.html,威富通科技,威富通科技有限公司,,100%,1天,11个,昨天,,,020202威富通科技有限公司是全球领先的移动支付综合解决方案提供商，业务遍及全球四大洲50多个国家和地区。为国内外200多家银行以及中国银联、农信银等清算机构提供包括移动支付管理在内的多种行业解决方案；同时借助金融机构的开放能力，为超过3000万家大型商业机构、行业软件开发商和中小商户提供包括数字化资产中台、核心企业综合金融服务、移动支付、消费分期、会员营销等一系列的科技服务，每天处理超过4000万笔移动支付交易，年交易金额超过1万亿人民币。2017年，威富通成功与A股上市公司华峰超纤（300180.SZ）重大资产重组，实现并购上市，成为移动支付领域第一股，市值超过150亿。威富通科技将进一步为金融机构和商业企业提供多元化的金融科技服务，围绕金融机构的开放战略打造数字化生态链。,
https://www.lagou.com/gongsi/473329.html,广州细刻,广州细刻网络科技有限公司,,100%,1天,暂无,昨天,,,细刻成立于2015，于2015年7月正式以B2C的模式推出针对美国市场的StyleWe跨境电商平台，通过与国内外知名的设计师品牌合作，利用中国的供应链优势，向全球的中产阶级消费者提供独特个性的服饰产品。公司于2017年又陆续推出了以Justfashionnow为代表的数个面向国际市场的快时尚电商品牌，逐步发展为横跨欧美国际市场的跨境电商零售集团。,
https://www.lagou.com/gongsi/473608.html,趣途科技,深圳趣途科技有限责任公司,,100%,1天,4个,昨天,,,深圳趣途科技，是一家从事VR教育领域和图像视觉类产品研究和开发的科技公司，团队由教育行业内专业资深人士和数学专家团队组成。VR教育方向主要服务于国内中等职业教育、高等职业教育及本科教育，图像视觉方向主要通过图像识别和机器学习进行产品开发。,
https://www.lagou.com/gongsi/508202.html,联盟智能社区,简阳联盟凯睿企业管理有限公司,,100%,1天,2个,昨天,,,5年前的选择决定了你今天的结果，今天的选择决定了你5年后的成就，重要的不是现在正站在何处，而是你今后要朝哪个方向。,
https://www.lagou.com/gongsi/515212.html,乐我无限,北京乐我无限科技有限责任公司,,13%,1天,暂无,今天,,,LiveMeisoneoftheworld'sfastgrowinglivebroadcasting,
https://www.lagou.com/gongsi/581403.html,深圳金蝶,金蝶软件（中国）有限公司深圳分公司,,暂无,暂无,暂无,昨天,,,金蝶国际软件集团有限公司（「金蝶国际」或「金蝶」）始创于1993年，是香港联交所主板上市公司（股票代码：0268.HK），总部位于中国深圳。,
https://www.lagou.com/gongsi/591531.html,Gostudy,上海纸上绝知智能科技有限公司,,100%,1天,18个,昨天,,,020202纸上绝知，创立于2019年5月，致力于人工智能的创新应用，探索技术与行业应用相结合，搭建虚拟与现实的桥梁。纸上绝知是一家专注于桌面视觉信息技术研发的教育科技公司，通过手势动作识别手指定位卡片识别等计算机图像视觉技术赋能智能硬件及APP，致力于帮助教育企业，儿童游戏玩具相关企业以及智能硬件厂商开发实体互动内容，采用业内领先的手指点读技术方案，不仅能灵活满足各种客户需求，还可以帮助提升用户的学习和娱乐交互体验感。创始团队来自香港中文大学、复旦大学、同济大学等顶级院校以及百度、海康威视等知名企业。天使轮获得国内顶级VC数百万美金投资，合作伙伴包括优学派、读书郎、小米等知名企业。,
https://www.lagou.com/gongsi/751984.html,科睿互联网开发,深圳市科睿互联网技术开发有限公司,,100%,1天,暂无,昨天,,,深圳市科睿互联网技术开发有限公司（简称：科睿）成立于2015年12月，坐落于深圳南山区，在新加坡、马来西亚、中国香港设立办事处，公司致力于设计身份验证和授权系统，旨在为企业提供专业、安全、便捷的费用管理方案。它提供的云软件可以帮助公司管理和保护现代应用程序中的用户身份验证，并帮助开发人员在应用程序，网站Web服务和设备中构建身份控制。,
https://www.lagou.com/gongsi/762416.html,丰图科技,丰图科技（深圳）有限公司武汉分公司,,100%,1天,1个,昨天,,,丰图科技隶属于顺丰集团，目前致力于支持顺丰内外多项业务的研发、运维和内容服务，包括智慧物流解决方案、大数据产品、云计算产品、地图产品、智能穿戴、无人机、机器人、人工智能等多个方向。丰图是顺丰科技体系内专注于GIS领域的科技团队，目前团队成员已超过300人，其中测绘、地理信息、遥感、三维、计算机、人工智能、大数据、统计等专业人员占比58%，硕士及以上学历超37%。核心成员多来自行业内知名图商、集成商，具有丰富的互联网高精地图项目开发经验。丰图GIS团队正在构建以GIS技术为基础，融合大数据和人工智能等技术，面向AI的未来智慧物流地图，融合顺丰特有的订单地址以及轨迹数据，利用GIS、大数据、机器学习、可视化等技术，以搭建成实时精准物流地图平台。,
https://www.lagou.com/gongsi/84497036.html,金鸿睿,北京金鸿睿信息科技有限公司,,27%,1天,暂无,昨天,,,公司是一家致力于大数据技术应用和人工智能领域，集产品设计、研发、销售、服务为一体的高新科技企业，拥有自主知识产权的核心专利技术和产品。为客户供数据采集、数据融合、数据处理、资源管理、关系挖掘分析、用户画像、知识图谱化、可视化展现和分析等服务。公司拥有丰富的行业经验和技术积累，研发成果及产品广泛应用于多个行业部门，得到了用户的一致肯定。,
https://www.lagou.com/gongsi/30816.html,蜻蜓FM,上海倾听信息技术有限公司,,64%,1天,44个,昨天,,,创建七年来，蜻蜓FM已获得百度、创新工场、成为资本、中国文化产业投资基金、优酷土豆、微影资本、中民投资本、江苏广电、国家中小企业发展基金、浙报传媒、东方富厚、智度股份等机构的多轮投资。2017年，蜻蜓FM完成由百度、微影资本领投的约10亿元E轮融资，创下当时的行业单笔融资最高记录。,
https://www.lagou.com/gongsi/39934.html,每日优鲜,北京每日优鲜电子商务有限公司,,43%,1天,13个,今天,,,0202020202每日优鲜是一家定位于自营全品类线上超市的移动电商，成立于2014年11月，腾讯投资成员企业，致力让每个人随时随地享受食物的美好。,
https://www.lagou.com/gongsi/745724.html,锋泾集团,锋泾（中国）建材集团有限公司,,69%,1天,20个,昨天,,,锋泾（中国）建材集团有限公司（以下简称锋泾集团）是一家香港独资企业，注册资本4245万美元，也是国家高新技术企业，在大陆拥有两家工厂、六家销售分公司和一家软件服务公司，产品销往全球50多个国家和地区，位列建筑胶黏剂行业前三强。,
https://www.lagou.com/gongsi/50818.html,QooApp,酷社（深圳）科技有限公司,,1%,1天,44个,昨天,,,,
https://www.lagou.com/gongsi/424161.html,欢迎网络,陕西欢迎网络技术有限公司,,2%,1天,暂无,今天,,,,
https://www.lagou.com/gongsi/84514423.html,溪鸟物流,杭州溪鸟物流科技有限公司,,暂无,1天,暂无,昨天,,,菜鸟乡村旗下溪鸟物流科技，是一家智慧物流科技公司，致力于用科技提升乡村快递物流水平，并和各方合作伙伴搭建新型农村物流网络。为国内快递行业提供面向三四线以下城市的共同配送技术平台服务；并和阿里巴巴集团业务紧密协同，为县域农产品企业提供基于仓储配送一揽子供应链解决方案。带动地方产业发展，助力县域和乡村经济腾飞。,
https://www.lagou.com/gongsi/1537.html,搜狗,北京搜狗科技发展有限公司,,100%,1天,92个,昨天,,,搜狗是中国互联网领先的搜索、输入法、浏览器和其它互联网产品及服务提供商。从2004年8月搜狐公司推出全球首个第三代互动式中文搜索引擎――搜狗搜索以来，历经十载，搜狗搜索已发展成为PC端搜索三强之一，移动搜索排名第二。根据艾瑞咨询2014年12月数据，搜狗PC用户规模达5.07亿，仅次于腾讯、奇虎，成为中国第三大互联网公司。移动端用户仅次于腾讯，以2.1亿月活跃用户跃居第二，成为中国互联网快速发展的标杆性企业。,
https://www.lagou.com/gongsi/189964.html,车易网,北京车易网科技有限公司,,46%,1天,暂无,昨天,,,北京车易网科技有限公司是一家从事交通大数据运营服务的互联网公司。公司依托万千级ETC用户数据资源，通过云计算、移动互联和大数据等技术，对用户进行深入挖掘和分析，为ETC用户搭建交通大数据出行服务平台。,
https://www.lagou.com/gongsi/320116.html,融合通信,广东融合通信股份有限公司,,2%,1天,5个,昨天,,,广东融合通信股份有限公司（股票代码：872340）成立于2000年，简称：融通股份。总部位于广东珠海，设有广州分公司以及深圳、上海、昆明等多个办事处。为高新技术企业、广东省双软认证企业。荣获CMMIML3、ISO9001、ISO27001等多项认证。集咨询、设计、研发、实施及运营服务为一体，面向电力、税务、通信等多个行业，提供基于人工智能、大数据、云服务等技术的产品、平台、行业解决方案及运营创新服务。我司致力于南方电网的合作，在电力行业一直拥有着良好的业绩和口碑。相继参与了多地供电局的服务咨询、技术升级、运营维护和应用扩展工作，工程质量和专业水准一直受到客户的肯定。近年来，为适应新兴信息化市场的需要，还重点拓展了企业级客户服务在微信、微博、移动端APP等新型服务渠道上的应用，携手广东电网公司推出了微信客服平台、微信WIFI盒子、集控式营业厅等一系列广受欢迎的新产品。,
https://www.lagou.com/gongsi/38239.html,Keep,北京卡路里科技有限公司,,27%,3天,10个,昨天,,,,
https://www.lagou.com/gongsi/156662.html,天宝集团,天集F控股有限公司,,暂无,暂无,暂无,昨天,,,背景地位：始於1979年，是一家u造消M品_P源及用作工I用途的智能充器及控制器的S商；{藉逾30年行I，天已成橹的主要生aS商之一。,
https://www.lagou.com/gongsi/136978.html,玖富数科集团,玖富数科科技集团有限责任公司,,5%,1天,142个,今天,,,玖富数科集团成立于2006年，是一家以人工智能技术驱动的数字科技企业，获国家高新技术企业认证，属于科技类企业。2019年8月15日，玖富数科在美国纳斯达克证券交易所挂牌上市，股票代码“JFU”。,
https://www.lagou.com/gongsi/221164.html,嘉诚瑞杰,北京嘉诚瑞杰信息技术有限公司,,50%,2天,暂无,昨天,,,嘉诚公司以软件、网络安全和信息技术服务为主营业务，成立于1995年，于2015年10月28日成功登录新三板（833937），总部设在长春，在北京和长春均设有研发中心，业务遍布全国30个省（直辖市）。员工700余人，研发技术工程师占比80%以上。,
https://www.lagou.com/gongsi/242900.html,令才科技,北京令才科技有限公司,,11%,1天,2个,昨天,,,公司依托阳光保险集团财务共享服务中心孵化出会计作业众包平台，对外提供会计审核记账的saas平台服务。同时以平台为核心打造培训+咨询结合的解决方案，拓展财务rpa场景研发、智能核算等产品线。,
https://www.lagou.com/gongsi/130397.html,小步网络,深圳小步网络科技有限公司,,100%,1天,45个,昨天,,,小步网络2016年5月属较早出海东南亚市场的，抢占海外市场发展先机,
https://www.lagou.com/gongsi/130397.html,小步网络,深圳小步网络科技有限公司,,100%,1天,45个,昨天,,,小步网络2016年5月属较早出海东南亚市场的，抢占海外市场发展先机,
https://www.lagou.com/gongsi/61982.html,北京左医科技有限公司,北京左医科技有限公司,,100%,1天,9个,昨天,,,北京左医科技有限公司一直专注于人工智能技术在医疗健康领域的应用，是一家旨在通过“AI+数据”打造智能机器人全科医生，从而提升医疗行业效率和体验的公司。团队核心人员来自百度自然语言处理部和北京大学医学部。凭借国际领先的知识抽取、知识推理、表示等知识图谱构建技术，结合近万本医学书籍、千万篇医疗论文、近千万份临床病历、千万篇医疗问答等，左医成功打造了业界领先的“医疗大脑”知识内核――左医医疗知识图谱。左医团队在保证科学性和数据安全性的前提下，对外提供病历结构化、医学语义检索等科研辅助技术，同时提供临床决策支持以及全科机器人医生(导诊、分诊、预问诊、问药等产品服务)。现阶段左医主要服务于公立医院、医疗信息化公司、移动医疗公司、机器人公司以及搜索引擎。,
https://www.lagou.com/gongsi/113526.html,布本智能,北京布本智能科技有限公司,,58%,4天,43个,昨天,,,北京布本智能科技有限公司（以下简称“布本智能”）成立于2016年2月，专注于内容领域的智能聚合与推荐。【布本智能EditorMax】将内容聚合、NLP、NLU、主题提取、个性化推荐等技术封装成SaaS服务，提供完整的管理后台及SDK。帮助客户通过几行代码快速打造自己的头条，为用户提供丰富的图文、视频、节目等优质内容和精准推荐。用内容黏住用户，提升用户使用时长，提高用户活跃度。布本团队对内容有着深刻理解与丰富实践经验：CEO卢学裕为原优酷及小米的技术总监，前优酷推荐系统创始人；核心开发团队成员也都拥有一流内容或视频互联网算法工作背景。,
https://www.lagou.com/gongsi/207399.html,苹果树,深圳苹果树数据科技有限公司,,100%,1天,14个,昨天,,,,
https://www.lagou.com/gongsi/62.html,字节跳动,北京字节跳动科技有限公司,,56%,1天,189个,今天,,,字节跳动成立于2012年3月，是最早把人工智能技术大规模应用于信息分发的公司之一。“字节跳动”的含义：字节，作为计算机数据的基本储存单位，代表各种各样的信息。跳动，描述信息有韵律感的流动。字节跳动，意味着通过我们的努力，在全世界范围促进信息的创造和流动，正如公司的愿景：全球创作与交流平台。,
https://www.lagou.com/gongsi/62.html,字节跳动,北京字节跳动科技有限公司,,56%,1天,189个,今天,,,字节跳动成立于2012年3月，是最早把人工智能技术大规模应用于信息分发的公司之一。“字节跳动”的含义：字节，作为计算机数据的基本储存单位，代表各种各样的信息。跳动，描述信息有韵律感的流动。字节跳动，意味着通过我们的努力，在全世界范围促进信息的创造和流动，正如公司的愿景：全球创作与交流平台。,
https://www.lagou.com/gongsi/62.html,字节跳动,北京字节跳动科技有限公司,,56%,1天,189个,今天,,,字节跳动成立于2012年3月，是最早把人工智能技术大规模应用于信息分发的公司之一。“字节跳动”的含义：字节，作为计算机数据的基本储存单位，代表各种各样的信息。跳动，描述信息有韵律感的流动。字节跳动，意味着通过我们的努力，在全世界范围促进信息的创造和流动，正如公司的愿景：全球创作与交流平台。,
https://www.lagou.com/gongsi/34315.html,涂鸦智能,杭州涂鸦信息技术有限公司,,100%,1天,61个,昨天,,,【关于我们】,
https://www.lagou.com/gongsi/30816.html,蜻蜓FM,上海倾听信息技术有限公司,,64%,1天,44个,昨天,,,创建七年来，蜻蜓FM已获得百度、创新工场、成为资本、中国文化产业投资基金、优酷土豆、微影资本、中民投资本、江苏广电、国家中小企业发展基金、浙报传媒、东方富厚、智度股份等机构的多轮投资。2017年，蜻蜓FM完成由百度、微影资本领投的约10亿元E轮融资，创下当时的行业单笔融资最高记录。,
https://www.lagou.com/gongsi/522562.html,延华医疗研究院,成都延华西部健康医疗信息产业研究院有限公司,,100%,1天,103个,昨天,,,延华西部健康医疗信息产业研究院（简称：延华医疗研究院），是由上海延华智能科技（集团）股份有限公司投资建设的专业从事智慧医疗健康领域的高新技术企业，是由院士、海外归国专家、博士和资深行业顾问为高端引领并组成的一支专业团队，长期与国内外知名学府、国际著名企业形成战略联盟。国际化的视野、合作共享的开发型业务模式和长期的本土实践，使得延华医疗研究院能够充分理解医疗卫生行业的需求，用创新的思维推动行业发展。,
https://www.lagou.com/gongsi/128945.html,触漫,广州梦映动漫网络科技有限公司,,2%,1天,72个,昨天,,,关于我们：,
https://www.lagou.com/gongsi/32805.html,尚游游戏,深圳市尚游网络科技有限公司,,100%,2天,10个,昨天,,,0202关于除深圳市外的其他城市存在的带有“尚游”或者相关字号的企业均与我公司没有任何关联的声明：,
https://www.lagou.com/gongsi/25439.html,Udesk－企业级智能客服平台,北京沃丰时代数据科技有限公司,,79%,1天,370个,昨天,,,02020202Udesk创立于2014年7月，是国内领先的智能客户体验解决方案提供商、智能客服领域的独角兽、SaaS领域的明星企业。02,
https://www.lagou.com/gongsi/451.html,腾讯,腾讯科技（深圳）有限公司,,100%,1天,130个,今天,,,腾讯公司成立于1998年11月，是目前中国最大的互联网综合服务提供商之一，也是中国服务用户最多的互联网企业之一。成立十年多以来，腾讯一直秉承“一切以用户价值为依归”的经营理念，始终处于稳健发展的状态。,
https://www.lagou.com/gongsi/20583.html,新文溯科技,广州市新文溯科技有限公司,,100%,1天,暂无,昨天,,,02020202广州市新文溯科技有限公司，成立于2001年，是专注于企业内容管理与智能数据应用的软件解决方案供应商，拥有涵盖产品、服务、解决方案三个层面的整体服务能力，具备业界领先的非结构化数据获取技术、影像文档处理技术、深度学习技术、传真服务器通信等技术，为大型机构企业提供专业优质的解决方案。,
https://www.lagou.com/gongsi/452614.html,百炼智能,北京百炼智能科技有限公司,,50%,1天,6个,昨天,,,2018年3月16日，百炼智能正式注册成立，成为中国第1亿家市场主体，先后获得天使轮和Pre-A轮数千万投资。,
https://www.lagou.com/gongsi/30816.html,蜻蜓FM,上海倾听信息技术有限公司,,64%,1天,44个,昨天,,,创建七年来，蜻蜓FM已获得百度、创新工场、成为资本、中国文化产业投资基金、优酷土豆、微影资本、中民投资本、江苏广电、国家中小企业发展基金、浙报传媒、东方富厚、智度股份等机构的多轮投资。2017年，蜻蜓FM完成由百度、微影资本领投的约10亿元E轮融资，创下当时的行业单笔融资最高记录。,
https://www.lagou.com/gongsi/140014.html,平安人寿,中国平安人寿保险股份有限公司,,5%,1天,26个,今天,,,中国平安人寿保险股份有限公司成立于2002年，是中国平安保险（集团）股份有限公司旗下的重要成员。从规模保费来衡量，是目前国内第二大寿险公司。,
https://www.lagou.com/gongsi/117545805.html,吉利科技集团,吉利科技集团有限公司,,52%,1天,暂无,昨天,,,吉利科技集团有限公司定位于大出行生态科技领域的产业投资商和运营商，以产业投资和创新孵化为核心。集团与大出行生态伙伴开发合作，实现自主研发、主导研发以及联合研发，投资、培育和孵化了一批优秀的生态企业。,
https://www.lagou.com/gongsi/117562062.html,AmberGroup,岸柏科技（深圳）有限公司,,67%,1天,暂无,昨天,,,AmberGroup是一家交易和科技公司。我们将深度的量化研究和领先的金融科技相结合，构建了多种量化交易系统、交易服务流程和交易工具。我们在加密货币及其衍生品领域进行交易和提供流动性，月交易量超过数二十亿美元。我们为全球的交易所、矿池、钱包、代币发行商和对冲基金提供全栈式的金融服务。,
https://www.lagou.com/gongsi/118446004.html,EasyGroup,易维（北京）文化有限公司,,暂无,暂无,暂无,昨天,,,02020202EasyGroup创建于2014年，总部设立于多伦多，是一家为海外留学生提供全方位学术与个人发展帮助的教育公司。六年来，公司累计服务留学生超10万人次，年营收超亿元，并于2020年获得经纬中国近千万美元A轮融资。,
https://www.lagou.com/gongsi/23727.html,知网,同方知网（北京）技术有限公司,,5%,1天,229个,昨天,,,中国知网（www.cnki.net）是由《中国学术期刊（光盘版）》电子杂志社有限公司和同方知网（北京）技术有限公司联合打造的数字出版平台。中国知网整合了我国90%以上的学术文献和海外重要文献数据库资源，是集知识资源大规模整合出版、原创性学术文献出版、专业化及个性化数字图书馆为一体的数字出版平台。,
https://www.lagou.com/gongsi/5002.html,谷露软件,上海谷露软件有限公司,,暂无,1天,11个,昨天,,,谷露软件成立于2012年，总部位于上海，辐射全国。我们致力于为企业级客户提供高度定制化的招聘管理系统和招聘系统解决方案。七年来，我们只专注做一件事：深耕招聘领域，打造一款为用户真正创造价值的企业服务产品。自公司成立以来，使用谷露招聘管理系统的招聘从业人员累计近10万。,
https://www.lagou.com/gongsi/992.html,太平洋网络有限公司,广州太平洋电脑信息咨询有限公司,,暂无,暂无,46个,今天,,,太平洋网络，2007年于香港上市。,
https://www.lagou.com/gongsi/24748.html,平安科技,平安科技（深圳）有限公司,,100%,1天,3个,今天,,,平安科技是平安集团的全资子公司，致力于运用人工智能、智能认知、云计算、区块链等前沿科技，为人们打造全新云生活。对内，平安科技是平安集团的高科技内核和科技企业孵化器，负责开发并运营集团的关键平台和服务。对外，平安科技以智慧科技为手段、以智造未来为蓝图，聚焦于医疗、金融、智慧城市三大领域，将国际权威认证的技术能力应用到实际业务场景中，打造生态闭环，积极践行科技改变生活的企业理念。,
https://www.lagou.com/gongsi/3038.html,Gridsum国双,北京国双科技有限公司,,38%,1天,91个,昨天,,,国双（Nasdaq：GSUM）是中国领先的企业级大数据和人工智能解决方案提供商。基于国双大数据平台独有的分布式数据架构和先进的实时、多维度关联性分析技术，国双的解决方案能够使客户充分洞悉数据间的复杂关系，获得全新的商业洞察，以利企业和政府客户作出更好的业务决策。“国双（Gridsum）”其名，是分布式计算（Grid）与分析（Sum）的结合。作为数字智能化的先行者，国双致力于帮助企业和政府客户以新颖有效的方式使用数据，提高生产力。,
https://www.lagou.com/gongsi/3038.html,Gridsum国双,北京国双科技有限公司,,38%,1天,91个,昨天,,,国双（Nasdaq：GSUM）是中国领先的企业级大数据和人工智能解决方案提供商。基于国双大数据平台独有的分布式数据架构和先进的实时、多维度关联性分析技术，国双的解决方案能够使客户充分洞悉数据间的复杂关系，获得全新的商业洞察，以利企业和政府客户作出更好的业务决策。“国双（Gridsum）”其名，是分布式计算（Grid）与分析（Sum）的结合。作为数字智能化的先行者，国双致力于帮助企业和政府客户以新颖有效的方式使用数据，提高生产力。,
https://www.lagou.com/gongsi/18139.html,京东集团,北京京东世纪贸易有限公司,,25%,1天,64个,今天,,,京东于2004年正式涉足电商领域。2016年，京东集团市场交易额达到9392亿元*。京东是中国收入规模最大的互联网企业。2017年7月，京东再次入榜《财富》全球500强，位列第261位，成为排名最高的中国互联网企业，在全球仅次于亚马逊和Alphabet，位列互联网企业第三。,
https://www.lagou.com/gongsi/1880.html,快手,北京达佳互联信息技术有限公司,,36%,1天,23个,今天,,,,
https://www.lagou.com/gongsi/1880.html,快手,北京达佳互联信息技术有限公司,,38%,1天,23个,今天,,,,
https://www.lagou.com/gongsi/147.html,拉勾网,北京拉勾网络技术有限公司,,97%,1天,1285个,今天,,,拉勾专注于为互联网人提供职业成长机会，为企业提供招聘、人事综合管理、互联网人才定制培养等人力资源综合服务。成立六年多以来，拉勾已获得五轮融资，服务千万用户，成为互联网垂直招聘行业的领先者。02,
https://www.lagou.com/gongsi/956.html,金山云,北京金山云网络技术有限公司,,49%,1天,7个,今天,,,金山云，创立于2012年，中国知名的独立云服商。业务范围遍及全球多个国家和地区。成立8年来，金山云始终坚持以客户为中心的服务理念，提供安全、可靠、稳定、高品质的云计算服务。,
https://www.lagou.com/gongsi/147.html,拉勾网,北京拉勾网络技术有限公司,,97%,1天,1285个,今天,,,拉勾专注于为互联网人提供职业成长机会，为企业提供招聘、人事综合管理、互联网人才定制培养等人力资源综合服务。成立六年多以来，拉勾已获得五轮融资，服务千万用户，成为互联网垂直招聘行业的领先者。02,
https://www.lagou.com/gongsi/956.html,金山云,北京金山云网络技术有限公司,,49%,1天,7个,今天,,,金山云，创立于2012年，中国知名的独立云服商。业务范围遍及全球多个国家和地区。成立8年来，金山云始终坚持以客户为中心的服务理念，提供安全、可靠、稳定、高品质的云计算服务。,
https://www.lagou.com/gongsi/34863.html,车轮,车轮互联科技（上海）股份有限公司,,100%,3天,89个,今天,,,车轮互联科技（上海）股份有限公司，2012年7月创立于上海，是专注于汽车生活服务领域的移动互联网公司。车轮旗下拥有20款创新产品，覆盖从学车到购车、养车、代办、社区、卖车全汽车链，以车轮（原车轮查违章）、车轮驾考通等明星APP为代表，累计用户已超过2亿，日活跃用户达数百万。车轮致力于成为中国最具影响力的车主和准车主服务平台17车轮，让有车生活更美好！,
https://www.lagou.com/gongsi/35322.html,缔联科技,北京缔联科技有限公司,,45%,1天,4个,今天,,,北京缔联科技有限公司成立于2014年，专注于企业费用管理系统和发票管理系统的建设。,
https://www.lagou.com/gongsi/50702.html,美团点评,北京三快在线科技有限公司,,21%,1天,455个,今天,,,美团的使命是“帮大家吃得更好，生活更好”。作为中国领先的生活服务电子商务平台，公司拥有美团、大众点评、美团外卖、摩拜单车等消费者熟知的App，服务涵盖餐饮、外卖、打车、共享单车、酒店旅游、电影、休闲娱乐等200多个品类，业务覆盖全国2800个县区市。2018年全年，美团的总交易金额达5156.4亿元，同比增长44.3%，年度交易用户总数达4.0亿，平台活跃商家总数达580万。,
https://www.lagou.com/gongsi/50702.html,美团点评,北京三快在线科技有限公司,,21%,1天,455个,今天,,,美团的使命是“帮大家吃得更好，生活更好”。作为中国领先的生活服务电子商务平台，公司拥有美团、大众点评、美团外卖、摩拜单车等消费者熟知的App，服务涵盖餐饮、外卖、打车、共享单车、酒店旅游、电影、休闲娱乐等200多个品类，业务覆盖全国2800个县区市。2018年全年，美团的总交易金额达5156.4亿元，同比增长44.3%，年度交易用户总数达4.0亿，平台活跃商家总数达580万。,
https://www.lagou.com/gongsi/69152.html,博奥特科技,深圳市博奥特科技有限公司,,31%,1天,12个,今天,,,深圳市博奥特科技有限公司（以下简称博奥特）是一家提供优质高效的软件设计、开发和测试的高科技企业。自2009年7月成立以来，博奥特一直致力于为全球金融行业、电信行业、电力行业、航空业、电商、电子行业提供软件开发和运维、呼叫中心等综合性服务。博奥特在金融行业的客户涵盖包括保险、银行、信托、证券等机构。,
https://www.lagou.com/gongsi/78386.html,红蓝CP,杭州晓宇科技有限公司,,100%,1天,60个,今天,,,杭州晓宇科技专注于新生代的移动互联网社交产品,
https://www.lagou.com/gongsi/80792.html,龙寰科技,北京龙寰科技有限公司,,暂无,暂无,暂无,今天,,,北京龙寰科技有限公司是智能卡行业的国家高新技术企业、双软企业，北京市展翼计划首批30家入围企业。公司成立于2003年，是智能卡(也称IC卡、集成电路卡)研发领域的领先企业，主要从事智能卡操作系统(COS)的软件开发。公司智能卡产品主要应用于银行、政府、电信、公交、加油、高速公路收费、预付费水电煤气表等领域。,
https://www.lagou.com/gongsi/106373.html,青木文化,深圳市青木文化传播有限公司,,100%,1天,1个,今天,,,,
https://www.lagou.com/gongsi/106390.html,跨越速运,跨越速运集团有限公司,,100%,2天,79个,今天,,,020202跨越速运集团成立于2007年，注册资金4.67亿元，是一家主营“限时速运”服务的大型现代化综合速运企业，拥有AAAAA级物流企业资质。在北京、上海、天津、浙江、江苏、福建等二十几个省市设7个关联公司、32个子公司，全国各大经济城市，建立专业一体化的自动化机场操作分拨基地，拥有11架货运包机，5万余员工，1.5万多台运输车辆，服务网络遍布全国32个省级行政区域500多个城市，覆盖率达90%以上。跨越速运率先推出三大时效产品：当天达、次日达、隔日达，同时更为客户推出独具特色的贴心服务：24小时上门取派件。02,
https://www.lagou.com/gongsi/109249.html,爱自拍,杭州格像科技有限公司,,3%,1天,11个,今天,,,杭州格像科技有限公司成立于2015年11月，是一家专注于海外自拍和图片社交市场的移动互联网公司，在图像、视频技术和产品领域有超过10年的积累，是中国最大的出海移动互联网公司之一。,
https://www.lagou.com/gongsi/55446.html,贝壳,贝壳找房（北京）科技有限公司,,100%,1天,41个,今天,,,贝壳找房――以技术驱动的品质居住服务平台,
https://www.lagou.com/gongsi/129029.html,烽火科技・虹旭信息技术有限公司,武汉虹旭信息技术有限责任公司,,67%,1天,暂无,今天,,,公司是烽火科技集团61武汉邮电科学研究院下属的一家国有高新技术企业，是信息安全领域的国家队。公司现有员工260余人，主要从事移动互联网信息安全产品的研发、生产与销售。在互联网大数据处理与分析、互联网安全信息分析与预警、终端安全防护等方面具有深厚的技术积累，并成功开发了移动互联网安全审计类、移动通信网络溯源类、移动通信网络防泄漏类等三大类方向产品，现已广泛应用于运营商、公安、政府等行业客户。,
https://www.lagou.com/gongsi/142027.html,海深科技,海深智能科技（上海）有限公司,,100%,1天,2个,今天,,,"我们是做人工智能产品的技术型公司，聚焦于新零售行业，核心产品为基于视觉的智能柜和无人店方案，已经在市场上取得领先地位，并得到了资本市场的认可。我们在图像商品识别的深度学习领域有世界前沿性的研究成果，为腾讯云，京东，小红书，搜狗，百联集团等著名企业提供技术服务。创始合伙人在硅谷有10年的研发经验，核心技术团队来自国内外知名学府：清华，上海交大，加州伯克利，卡耐基梅隆，佐治亚理工，宾夕法尼亚大学，并曾在Google,Yahoo!,02百度等互联网公司担任核心技术岗位。",
https://www.lagou.com/gongsi/142027.html,海深科技,海深智能科技（上海）有限公司,,100%,1天,2个,今天,,,"我们是做人工智能产品的技术型公司，聚焦于新零售行业，核心产品为基于视觉的智能柜和无人店方案，已经在市场上取得领先地位，并得到了资本市场的认可。我们在图像商品识别的深度学习领域有世界前沿性的研究成果，为腾讯云，京东，小红书，搜狗，百联集团等著名企业提供技术服务。创始合伙人在硅谷有10年的研发经验，核心技术团队来自国内外知名学府：清华，上海交大，加州伯克利，卡耐基梅隆，佐治亚理工，宾夕法尼亚大学，并曾在Google,Yahoo!,02百度等互联网公司担任核心技术岗位。",
https://www.lagou.com/gongsi/211613.html,ARKGroup,上海沐传工业设计有限公司,,暂无,暂无,1个,今天,,,,
https://www.lagou.com/gongsi/212785.html,INDEMIND,北京盈迪曼德科技有限公司,,100%,1天,8个,昨天,,,02020202INDEMIND是一家专注于立体视觉技术与嵌入式计算平台研发的人工智能公司，是行业领先的立体视觉方案提供商。,
https://www.lagou.com/gongsi/225889.html,大希创新,深圳大希创新科技有限公司,,暂无,暂无,暂无,今天,,,公司主要做数字音视频，目前产品有：,
https://www.lagou.com/gongsi/252097.html,华云中盛,深圳市华云中盛科技股份有限公司,,48%,2天,10个,今天,,,020202深圳市华云中盛科技股份有限公司隶属华成峰集团，成立于1998年，总部位于深圳市南山区科技园，公司拥有丰富的全球IT资源，专业从事人工智能产品、数据库解决方案、大数据平台应用产品、私有云产品研发以及交付运维服务，是国内领先的人工智能、云计算、数据库产品及云产品开发商、开源数据库解决方案及运维服务提供商。,
https://www.lagou.com/gongsi/274523.html,织点智能,广州织点智能科技有限公司,,100%,1天,12个,今天,,,,
https://www.lagou.com/gongsi/274523.html,织点智能,广州织点智能科技有限公司,,100%,1天,12个,今天,,,,
https://www.lagou.com/gongsi/312738.html,桥康智能,湖南桥康智能科技有限公司,,50%,1天,暂无,7天内,,,湖南桥康智能科技有限公司是桥梁、隧道智能检测机器人研发、生产及桥梁隧道健康安全快速检测与评价、桥隧病害动态跟踪、桥梁科学管养及相关技术咨询服务的高科技公司，公司拥有一支涵盖机器视觉、自动控制、摄影测量、智能制造、大数据分析、桥梁隧道等多专业、多学科交叉组成的集成创新能力强的高水平专业技术团队，其中核心研发人员均为行业内学科带头人、专家。单位系省级“高新技术企业”、“科技创新小巨人企业”。,
https://www.lagou.com/gongsi/346316.html,未来科技城,武汉未来科技城人才企业发展服务有限公司,,100%,2天,暂无,今天,,,【武汉未来科技城联合园区60余家重点企业于2019年3月16日举行春季招聘会】,
https://www.lagou.com/gongsi/416231.html,威富通科技,威富通科技有限公司,,100%,1天,11个,今天,,,020202威富通科技有限公司是全球领先的移动支付综合解决方案提供商，业务遍及全球四大洲50多个国家和地区。为国内外200多家银行以及中国银联、农信银等清算机构提供包括移动支付管理在内的多种行业解决方案；同时借助金融机构的开放能力，为超过3000万家大型商业机构、行业软件开发商和中小商户提供包括数字化资产中台、核心企业综合金融服务、移动支付、消费分期、会员营销等一系列的科技服务，每天处理超过4000万笔移动支付交易，年交易金额超过1万亿人民币。2017年，威富通成功与A股上市公司华峰超纤（300180.SZ）重大资产重组，实现并购上市，成为移动支付领域第一股，市值超过150亿。威富通科技将进一步为金融机构和商业企业提供多元化的金融科技服务，围绕金融机构的开放战略打造数字化生态链。,
https://www.lagou.com/gongsi/422506.html,纳纳科技,上海纳纳科技有限公司,,1%,1天,3个,今天,,,知名互联网体育公司，旗下有纳米数据、超凡电竞、AIScore、极速体育等多款产品。涉及B端体育数据服务，C端体育比分数据资讯服务及新媒体等多项业务。,
https://www.lagou.com/gongsi/454319.html,成都齐美家网络科技有限公司,成都齐美家网络科技有限公司,,暂无,暂无,暂无,今天,,,成都齐美家网络科技有限公司，隶属齐家网品牌“齐家典尚”，是西南首家互联网家居服务企业，它坐落在美丽的天府之国-――四川成都。齐家整装家装套餐产品品牌，基于齐家网11年900万用户的家装数据分析，引入平台权威设计师，通过“1+N模式”的理念，专注套餐产品在风格功能、材料品质和施工标准中的不断探索与提升，材料由齐家供应链进行全国集采，F2C厂家直销，施工方优先平台金牌施工队，并对工作进行严格筛选和标准化施工培训。同时装修过程中借助齐家钱包、节点监理、工地直播等齐家完善的保障体系全程无忧服务，为用户提供轻松省心的标准化整体家装解决方案。公司优势：1、11年装修运营经验齐家网创办于2005年，是中国规模为首的互联网家装平台。2008年起，齐家网在行业内首推线下建材家居体验馆，便于网上用户线下体验，也以品牌折扣和厂家直销的模式来吸引用户，是互联网公司，受到业内关注，这种模式首创也为齐家赢得更好的口碑。同时齐家网还推出装修助手、装修管家和齐家钱包等一系列服务，打通线上、线下闭环，2015年平台交易额就已经达到818亿元，在垂直电商领域中排名在首位，服务超过1100万用户。2、强大的品牌聚客能力齐家已在全国近百个城市建立了分支机构，服务超过1100万用户，拥有供应链4万多家，2014年，齐家在垂直类家装电商平台的市场份额占33.4%。3、先进的管理系统支持齐家网投入大量资金和人力开发ERP、CRM等系统工具，实现管理一体化，更加人性化，同是，省时省力，很多东西在线上交流，不需要耗费更多时间，也为企业管理提供了很大的助力。4、强大的供应链支持目前，齐家已有180个分站，100多家线下体验馆，成为齐家向一站式整体家装服务平台转型背后重要的“推手”。02,
https://www.lagou.com/gongsi/457880.html,阿尔法智汇,深圳市阿尔法智汇科技有限公司,,暂无,暂无,暂无,今天,,,02020202深圳市阿尔法智汇科技有限公司是一家以人工智能技术产品化为使命的企业，专注于计算机视觉、图像特征识别技术应用落地，依托中国科学院、深圳大学等多个智能识别中心的技术支撑，专注于计算机视觉、生物识别技术的研究和开发，致力于以智慧社区、智慧楼宇、智慧校园、智慧交通、智慧金融为标志的智慧城市建设，提供整体解决方案及高品质硬件设备。公司以知识产权及持续创新为基础，深挖市场需求、解决用户核心痛点，构建了以人脸和图像识别技术为核心的软硬件整体解决方案的系列产品，立志成为极具影响力的人工智能产品及技术提供商。,
https://www.lagou.com/gongsi/457880.html,阿尔法智汇,深圳市阿尔法智汇科技有限公司,,暂无,暂无,暂无,今天,,,02020202深圳市阿尔法智汇科技有限公司是一家以人工智能技术产品化为使命的企业，专注于计算机视觉、图像特征识别技术应用落地，依托中国科学院、深圳大学等多个智能识别中心的技术支撑，专注于计算机视觉、生物识别技术的研究和开发，致力于以智慧社区、智慧楼宇、智慧校园、智慧交通、智慧金融为标志的智慧城市建设，提供整体解决方案及高品质硬件设备。公司以知识产权及持续创新为基础，深挖市场需求、解决用户核心痛点，构建了以人脸和图像识别技术为核心的软硬件整体解决方案的系列产品，立志成为极具影响力的人工智能产品及技术提供商。,
https://www.lagou.com/gongsi/493931.html,慧博云通,慧博云通（江苏）软件技术有限公司,,11%,1天,1个,今天,,,"慧博云通成立于2009年3月,是一家新兴的通信领域高科技企业;致力于为客户提供研究及开发、测试、解决方案和咨询等服务，帮助客户实现利益最大化，并使之更专注于自身的核心业务。",
https://www.lagou.com/gongsi/659967.html,和伍智造营,和伍智造营（上海）科技发展有限公司,,暂无,暂无,暂无,30天内,,,为用户提供高端定制服务的平台。和伍智造营是一家为品牌提供包括高端建站服务、电子商务网站、手机网站、外贸网站、品牌形象设计、网站代运营以及推广等网络一体化营销服务。,
https://www.lagou.com/gongsi/665321.html,光鉴科技,深圳市光鉴科技有限公司,,50%,1天,暂无,今天,,,光鉴科技成立于2018年，是一家源自美国硅谷的高科技创业公司。光鉴科技首创地将前沿的纳米光学技术应用于3D视觉领域，结合人工智能算法，提出了拥有自主知识产权的全新3D视觉解决方案。该方案具有高精度、成本低、供应链成熟等优势，赋能3D视觉技术大规模应用于智能终端、ARVR、AIoT、机器人视觉、自动化医疗等多个领域组成的百亿美金级市场。目前光鉴科技已经获得北极光、双湖资本和软银中国等多家基金的投资。,
https://www.lagou.com/gongsi/755524.html,鲨湾科技,鲨湾科技（上海）有限公司,,13%,1天,1个,今天,,,创立于2018年8月，,
https://www.lagou.com/gongsi/116675303.html,烟台申好电子科技有限公司,烟台申好电子科技有限公司,,暂无,暂无,暂无,今天,,,,
https://www.lagou.com/gongsi/118416457.html,海南晨普科技有限公司北京分公司,海南晨普科技有限公司北京分公司,,85%,1天,暂无,今天,,,公司愿景是做全球领先的区块链技术服务商，成立于2017年，总部位于新加坡，目前已拥有数字资产交易系统、钱包系统、态势感知、公链联盟链、矿池、区块链云媒体、流动性、Broker等8大成熟的产品线，并打造了区块链钱包解决方案HiCoin、交易所流动性提供商BitWind、金融衍生品技术服务平台EXUP等多个独立品牌。,
https://www.lagou.com/gongsi/118499065.html,嘉世通信设备,广州市嘉世通信设备有限公司,,18%,1天,暂无,今天,,,,
https://www.lagou.com/gongsi/118994187.html,盛吉服装,武汉盛吉服装有限公司,,4%,1天,暂无,今天,,,,
https://www.lagou.com/gongsi/119103960.html,欧迈家具,成都欧迈家具有限公司,,暂无,暂无,暂无,今天,,,,
https://www.lagou.com/gongsi/120265155.html,鑫博泰实业,海口鑫博泰实业有限公司,,暂无,暂无,暂无,今天,,,,
https://www.lagou.com/gongsi/120272289.html,神之奇迹化妆品,江苏神之奇迹化妆品有限公司,,暂无,暂无,暂无,今天,,,,
https://www.lagou.com/gongsi/120274815.html,龙憨商贸,六盘水龙憨商贸有限公司,,暂无,暂无,暂无,今天,,,,
https://www.lagou.com/gongsi/128945.html,触漫,广州梦映动漫网络科技有限公司,,4%,1天,72个,今天,,,关于我们：,
https://www.lagou.com/gongsi/210312.html,平安健康保险,平安健康保险股份有限公司,,2%,1天,6个,今天,,,02020202平安健康保险股份有限公司是平安集团旗下的专业健康保险公司，作为“大医疗健康”版块的重要力量，经过多年的专业积淀，已然成为行业领导者，在健康险行业享有极高的品牌知名度与美誉度。依托平安集团强大的综合金融实力，公司始终保持稳定、高速的成长态势。,
https://www.lagou.com/gongsi/194.html,墨齐,深圳墨齐致知网络科技有限公司,,100%,1天,22个,今天,,,墨齐，是教育游戏化的创新领导者，由前腾讯高级总监、教育学博士等资深人士组建核心团队。,
